<?xml version="1.0" encoding="ISO-8859-15"?>
<uc-export clientvers="12.2.0+low.build.10807">
<DOCU name="PCK.AUTOMIC_TENABLE_IO.PUB.DOC">
<HEADER state="1">
<Title>Pack Documentation</Title>
<ArchiveKey1/>
<ArchiveKey2/>
<OH_SubType/>
</HEADER>
<DOCU_Docu state="1" type="text">
<DOC><![CDATA[About the Package
================================
Tenable.io transforms security technology for the business needs of tomorrow through comprehensive solutions that provide continuous visibility and critical context, enabling decisive
actions to protect your organization. Tenable eliminates blind spots, prioritizes threats, and reduces exposure and loss. Its a solution from Nessus that provides a vulnerability Scanner
Tenable.io, the world?s first Cyber Exposure platform, arms Security with the visibility to see their entire cyber attack surface at all times (from IT to Cloud to IoT to OT)with the insight 
to focus on the issues which matter most and make better strategic decisions.


=Supported versions=
Rest-API version : v1

=Setup=
* The Agent should be able to access Tenable.io rest API endpoint URL in order to make HTTP requests.
* Internet Connection should be available on Agent OS.

=Common Inputs=
- Tenable.io Base URL*: Provide Base URL of the Tenable.io. E.g. https://cloud.tenable.com
- Access Key*: Provide a access key. E.g. f4b981XXX
- Secret Key*: Provide a secret key. E.g. b90194XXX

=Actions=
Following actions are supported

* Action name: PCK.AUTOMIC_TENABLE_IO.PUB.ACTION.CREATE_SCAN
* General Description: This action creates a scan in Tenable.io.

* Action name : PCK.AUTOMIC_TENABLE_IO.PUB.ACTION.UPDATE_SCAN
* General Description : This action updates a scan in Tenable.io.

* Action name: PCK.AUTOMIC_TENABLE_IO.PUB.ACTION.GET_AGENT_GROUP
* General Description: This action retrives details for given agent group name from Tenable.io.

* Action name : PCK.AUTOMIC_TENABLE_IO.PUB.ACTION.LAUNCH_SCAN
* General Description : This action will launch a scan in Tenable.io.

* Action name : PCK.AUTOMIC_TENABLE_IO.PUB.ACTION.RESUME_SCAN
* General Description : This action will resume a scan in Tenable.io.

* Action name : PCK.AUTOMIC_TENABLE_IO.PUB.ACTION.GET_SCAN_DETAILS
* General Description : This action fetches a scan details from Tenable.io.

* Action name : PCK.AUTOMIC_TENABLE_IO.PUB.ACTION.CHECK_SCAN_STATUS
* General Description : This action will check for a given status for a scan in a specific time interval.

* Action name : PCK.AUTOMIC_TENABLE_IO.PUB.ACTION.PAUSE_SCAN
* General Description : This action will pause a scan in Tenable.io.

* Action name : PCK.AUTOMIC_TENABLE_IO.PUB.ACTION.STOP_SCAN
* General Description : This action will stop a scan in Tenable.io.

* Action name: PCK.AUTOMIC_TENABLE_IO.PUB.ACTION.DOWNLOAD_SCAN_RESULTS
* General Description: This action exports the scan result for provided scan id.

* Action name: PCK.AUTOMIC_TENABLE_IO.PUB.ACTION.DOWNLOAD_WEB_APP_SCAN_RESULT
* General Description: This action exports the scan result for provided web scan id.

* Action name: PCK.AUTOMIC_TENABLE_IO.PUB.ACTION.GET_SCAN_STATUS
* General Description: This action will give current status of a scan from Tenable.io.

* Action name: PCK.AUTOMIC_TENABLE_IO.PUB.ACTION.GET_SCAN_TEMPLATE
* General Description: This action Lists available scan templates on Tenable io and publishes UUID for title provided by user.
]]></DOC>
</DOCU_Docu>
</DOCU>
</uc-export>